reach_id_v17b,group
12221500011,calibration
12221700021,calibration
12221700251,calibration
12291300071,calibration
12440400044,calibration
12440400124,calibration
12440500091,calibration
12440500161,calibration
12440500181,calibration
12450700021,calibration
12493300164,validation
12493300171,calibration
12499000064,calibration
12499000154,calibration
12499000264,calibration
12499000334,calibration
12499000494,calibration
12499000644,calibration
12520600084,calibration
12520600144,calibration
12520700071,calibration
12520800024,calibration
12520800111,validation
12520800131,validation
12520900044,calibration
12520900224,calibration
12540400191,calibration
12551000214,validation
12551000494,calibration
12551000531,calibration
12552000061,validation
12552000221,validation
12552000361,validation
12552000441,calibration
12552000731,calibration
12553300084,calibration
12553300234,calibration
12553600084,validation
12553600204,calibration
12553600404,calibration
12553600554,calibration
12553800204,calibration
12553800321,calibration
12554000071,calibration
12554000394,calibration
12556100061,calibration
12556300061,validation
12556500021,validation
12556500294,calibration
12556700174,calibration
12590000121,calibration
12590000231,validation
12590000294,calibration
12602000211,calibration
12710000154,calibration
12730300061,validation
12730300081,calibration
12730700061,calibration
12730700101,calibration
12730900084,calibration
12770100021,calibration
12770100201,calibration
12770500151,calibration
12770900021,validation
12780100011,calibration
12780100024,calibration
12780400251,calibration
12780500094,calibration
12780700164,calibration
12780700354,validation
12780800071,validation
12780900021,calibration
12792100024,calibration
12792100134,calibration
12793000081,calibration
12795000011,calibration
12795000084,calibration
12795000111,calibration
12797100151,calibration
12797500021,calibration
12797900054,calibration
12797900124,calibration
12797900191,calibration
12798000114,calibration
12798000121,calibration
12798000174,validation
12799000154,validation
12950500061,calibration
12991000071,calibration
14271900021,calibration
14574000101,calibration
14574000161,validation
14575000101,calibration
21302100061,calibration
21307400011,calibration
21307500051,calibration
21307500701,calibration
21406600251,calibration
21406600291,validation
21601000023,calibration
21601000101,validation
21601000121,calibration
21601000201,calibration
21602100174,calibration
21602100191,calibration
21602100211,calibration
21602100294,calibration
21602100431,calibration
21602200084,calibration
21602200101,validation
21602200204,calibration
21602200264,calibration
21602200271,validation
21602200534,validation
21602200564,calibration
21602300061,calibration
21602300161,calibration
21602300261,calibration
21602300351,calibration
21602300631,validation
21602300661,calibration
21602300681,calibration
21602300731,validation
21602300741,validation
21602300811,calibration
21602300901,calibration
21602400131,calibration
21602400211,calibration
21602400241,calibration
21602400301,calibration
21602400321,calibration
21602400331,calibration
21602400481,calibration
21602400561,calibration
21602400601,calibration
21602400641,calibration
21602400661,calibration
21602500061,calibration
21602500251,calibration
21602600011,calibration
21602600071,calibration
21602600101,calibration
21602600201,calibration
21602600321,calibration
21602600341,calibration
21602600373,calibration
21602600391,calibration
21602600463,calibration
21602600531,calibration
21602600561,validation
21602600581,calibration
21602600661,calibration
21602600751,validation
21602600804,calibration
21602600874,calibration
21602601034,calibration
21602601071,calibration
21602601361,calibration
21602700011,validation
21602700111,calibration
21602700151,calibration
21602800131,calibration
21602800224,validation
21602800621,calibration
21602800834,validation
21602900031,calibration
21602900451,calibration
21602900611,calibration
21602901034,calibration
21602901171,calibration
21602901241,calibration
21602901444,validation
21602901601,calibration
21603200111,calibration
21603200201,calibration
21603200241,calibration
21603200271,calibration
21603200311,calibration
21603300081,calibration
21603300174,calibration
21603300181,validation
21603300201,validation
21603400051,validation
21603400091,calibration
21603400111,calibration
21603400141,calibration
21603400161,calibration
21603400221,calibration
21603400261,calibration
22606100161,validation
22738100021,calibration
22738300091,calibration
22738400011,validation
22738500021,calibration
22738600071,validation
22738700071,calibration
22739000011,validation
22740100101,calibration
22740200071,calibration
22740200321,validation
22761000111,calibration
22766000181,calibration
22768000041,calibration
22770000131,calibration
22780100071,calibration
22791100041,calibration
22791800171,calibration
22792000061,calibration
22792000921,calibration
22792001011,calibration
22795000101,validation
22796000051,calibration
22796000171,calibration
22796000401,calibration
22797000391,calibration
22798000621,validation
23140100121,calibration
23160100065,calibration
23160300054,calibration
23190200051,calibration
23212000101,validation
23212000121,calibration
23212000234,validation
23212000261,calibration
23212000304,calibration
23212000371,calibration
23212000424,calibration
23212000551,validation
23212000694,calibration
23212000824,validation
23212001176,validation
23212001315,calibration
23214100095,validation
23214100121,calibration
23214100141,calibration
23214200011,calibration
23214200091,calibration
23214200531,calibration
23214200564,calibration
23214200691,calibration
23214200904,calibration
23214201131,calibration
23214300031,validation
23214400013,calibration
23214400041,calibration
23214400111,calibration
23214400171,calibration
23214400211,calibration
23214400351,calibration
23214400481,validation
23214400531,validation
23214401074,calibration
23214401201,calibration
23214401241,calibration
23214600144,calibration
23214600374,calibration
23214700011,validation
23214700051,validation
23214700141,calibration
23214800021,calibration
23214900014,calibration
23214900224,calibration
23214900331,calibration
23214900431,calibration
23216000061,validation
23216000081,calibration
23216000101,calibration
23216000161,validation
23216000171,validation
23216000221,calibration
23216000244,calibration
23216000271,calibration
23216000701,calibration
23216000761,calibration
23218000101,calibration
23218000121,calibration
23218000141,validation
23218000211,validation
23218000224,calibration
23218000504,calibration
23218000564,calibration
23219000244,calibration
23219000341,validation
23221000141,calibration
23221000274,calibration
23222000011,calibration
23222000121,calibration
23222000351,calibration
23222000751,calibration
23222000901,calibration
23222001044,calibration
23223000041,calibration
23224000021,calibration
23224000121,validation
23224000221,calibration
23224000281,calibration
23224000421,calibration
23224000541,calibration
23224000774,validation
23224000881,calibration
23224001174,calibration
23224001231,calibration
23224001251,calibration
23224001301,calibration
23224001381,calibration
23224001441,validation
23224001484,calibration
23224001621,calibration
23225000031,calibration
23226000031,calibration
23226000311,calibration
23226000321,calibration
23226000351,calibration
23226000381,calibration
23226000461,calibration
23226000694,calibration
23227000011,calibration
23227000041,calibration
23227000101,calibration
23227000111,calibration
23227000181,calibration
23227000231,calibration
23227000261,calibration
23228000111,calibration
23228000191,calibration
23228000301,calibration
23228000351,calibration
23228000371,validation
23229000011,calibration
23229000101,validation
23229000131,calibration
23229000211,calibration
23229000281,calibration
23229000434,calibration
23229000471,calibration
23229000531,calibration
23229000571,calibration
23230200065,calibration
23230200171,calibration
23230200194,calibration
23230200294,calibration
23230200314,calibration
23230200441,validation
23230200494,validation
23230400101,validation
23230500071,calibration
23230500251,calibration
23230500351,calibration
23230500604,calibration
23240300071,calibration
23240300141,calibration
23240400101,validation
23240400154,validation
23240400291,calibration
23240400414,calibration
23240400491,calibration
23240400581,calibration
23240400661,calibration
23240400751,calibration
23240500101,calibration
23240600031,validation
23240600091,calibration
23240600171,calibration
23240600261,validation
23240600411,calibration
23240601004,calibration
23240601044,calibration
23240601121,validation
23240601261,calibration
23240601411,calibration
23240700021,validation
23240700081,calibration
23240700181,calibration
23240700321,calibration
23240700491,calibration
23240900031,calibration
23240900154,calibration
23240900231,calibration
23250200071,calibration
23250600111,calibration
23250600351,calibration
23250600461,calibration
23250600511,calibration
23250600621,calibration
23250600634,validation
23250600641,calibration
23250600851,calibration
23250601301,validation
23250601411,calibration
23250800191,calibration
23250800411,calibration
23250800651,calibration
23250801161,calibration
23250801301,calibration
23250801441,calibration
23250801451,calibration
23261000231,validation
23261000311,calibration
23261000361,calibration
23261000431,calibration
23262000081,validation
23262000321,validation
23262000411,validation
23262000431,calibration
23262000471,calibration
23262000574,calibration
23262000721,calibration
23262000791,calibration
23262000891,calibration
23262001061,calibration
23262001104,calibration
23262001204,calibration
23262001321,calibration
23262001434,calibration
23263000051,calibration
23263000151,calibration
23264000071,calibration
23264000211,validation
23264000331,calibration
23264000611,calibration
23264000721,calibration
23265000051,validation
23266000121,calibration
23266000271,calibration
23267000031,calibration
23267000071,calibration
23267000081,calibration
23267000191,calibration
23267000591,calibration
23267000661,calibration
23268000011,calibration
23268000031,calibration
23268000081,calibration
23268000161,calibration
23268000231,calibration
23268000341,calibration
23268000351,validation
23268000461,calibration
23268000561,calibration
23268000631,calibration
23268000681,validation
23268000741,calibration
23268000891,calibration
23268000961,validation
23269000011,calibration
23269000141,calibration
23269000251,calibration
23269000361,calibration
23269000411,calibration
23269000501,validation
23269000551,validation
23269000811,calibration
23270400511,calibration
23270400621,calibration
23270600131,calibration
23270600241,calibration
23270600341,calibration
23270600361,validation
23270600461,calibration
23270600501,calibration
23270600511,calibration
23270600531,calibration
23270600671,calibration
23270600761,calibration
23270600814,calibration
23270600984,validation
23281000141,calibration
23281000221,calibration
23282000031,calibration
23282000171,calibration
23282000314,validation
23282000404,calibration
23282000491,calibration
23283000041,calibration
23283000121,validation
23283000141,calibration
23284000011,calibration
23284000054,calibration
23284000164,calibration
23285000021,calibration
23285000061,calibration
23285000111,validation
23285000181,calibration
23285000231,calibration
23285000251,calibration
23285000841,calibration
23288000151,validation
23289000411,calibration
23301400061,calibration
23301400161,calibration
23301400181,calibration
23301600091,calibration
23301800075,calibration
23301900041,validation
23301900064,validation
23301900135,calibration
23301900155,calibration
23301900224,calibration
23303100121,calibration
23303100144,calibration
23303100174,calibration
23303100191,calibration
23303100285,validation
23303100341,validation
23303100351,calibration
23303100384,validation
23303200081,validation
23303200371,calibration
23303200431,calibration
23303200464,calibration
23303200551,calibration
23303400101,calibration
23303600124,validation
23303800231,calibration
23303800291,calibration
23303800421,calibration
23303800454,calibration
23303800521,calibration
23400200031,calibration
23400200091,calibration
23400200111,calibration
23400200151,validation
23400200171,calibration
23400300114,validation
23400300401,calibration
23400400121,calibration
23400400391,calibration
23400500131,calibration
23400600191,calibration
23400900071,calibration
23400900164,calibration
23400900211,validation
24221000111,calibration
24221000131,calibration
24222100041,calibration
24222100061,calibration
24222700031,validation
24222900271,calibration
24222900351,validation
24223000051,validation
24224000031,calibration
24224000161,calibration
24225000021,calibration
24227000111,validation
24227000171,calibration
24229000041,calibration
24229000181,validation
24229000261,validation
24241000035,calibration
24244600011,validation
24244600081,calibration
24244600191,validation
24244600271,calibration
24244700011,calibration
24248000081,calibration
24249100041,calibration
24249200021,validation
24270400051,calibration
24270600061,calibration
24270800111,validation
24270800121,calibration
24280200051,calibration
24280300021,calibration
24280300091,validation
24292000061,validation
24292000131,calibration
24294000051,calibration
24294000071,validation
24296300071,calibration
24296400171,calibration
24322500244,validation
24322900144,calibration
24322900513,calibration
24322901121,calibration
24340000074,calibration
24352000084,calibration
24352000151,calibration
24354000021,calibration
24358000041,calibration
24359000031,validation
24359000211,calibration
24360000174,calibration
24360000471,validation
24360000601,calibration
24370000044,calibration
24370000071,validation
24370000301,calibration
24370000711,validation
24370000851,calibration
24380100013,validation
24380100144,validation
24380200041,calibration
24380200171,calibration
24380200261,calibration
24380200511,calibration
24380300054,calibration
24380300143,calibration
24380300194,calibration
24380300223,calibration
24380600011,calibration
24380600213,calibration
24380800031,calibration
24420100051,calibration
24420200024,calibration
24420300051,calibration
24420400081,calibration
24420400171,calibration
24420500011,calibration
24420500021,calibration
24420500091,calibration
24420600101,calibration
24420700163,calibration
24432000061,calibration
24432000181,calibration
24432000281,validation
24432000453,calibration
24433000071,validation
24433000253,calibration
24434000024,calibration
24435000091,calibration
24435000471,calibration
24435000611,validation
24436000021,calibration
24438000071,calibration
24438000263,validation
24440100034,calibration
24450200014,validation
24450200384,calibration
24450200801,validation
24450201393,calibration
24450400074,validation
24450800044,validation
24450800534,calibration
24460000024,calibration
24460000781,calibration
24460000834,calibration
24474000055,validation
24478000164,calibration
24480100124,calibration
24480400061,calibration
24480600074,validation
24480900334,calibration
25102200191,calibration
25102200301,validation
25102300201,validation
25107400011,calibration
25107500041,calibration
25107600036,calibration
25107800021,validation
25107900054,calibration
25108000031,calibration
25109200031,calibration
25109800041,calibration
25210200054,validation
25210400071,calibration
25210600061,calibration
25210600111,calibration
25210600461,calibration
25210600571,calibration
25210800021,calibration
25220000293,calibration
25220000531,calibration
25220000801,calibration
25240000541,calibration
27102000051,validation
27102000301,calibration
27103400111,calibration
27104000131,calibration
27104000241,calibration
27105400051,calibration
27105700125,validation
27107000045,calibration
27108000035,validation
27108000251,calibration
41301100071,calibration
41301100101,calibration
41301100271,calibration
41301100281,calibration
41301100291,calibration
41301100401,calibration
41301100474,calibration
41301100514,calibration
41301100521,calibration
41301100891,calibration
41301100901,calibration
41301100911,validation
41301100961,calibration
41301100971,calibration
41301101021,validation
41301101061,validation
41301101071,calibration
41301101411,calibration
41301101471,calibration
41301101585,calibration
41301101591,validation
41301101931,calibration
41301102024,calibration
41301102091,calibration
41301102435,validation
41301102455,calibration
41301102481,calibration
41301102721,validation
41301102741,calibration
41301103065,calibration
41301103085,calibration
41301103105,validation
41301103141,calibration
41301103164,calibration
41301103351,calibration
41301103371,calibration
41301103444,calibration
41301103491,calibration
41301103681,calibration
41301103913,calibration
41301103921,calibration
41301103951,validation
41301104071,calibration
41301104701,calibration
41301104731,calibration
41301104751,validation
41301105004,calibration
41301105061,calibration
41301105184,calibration
41301105315,calibration
41301105355,calibration
41301105561,calibration
41301105581,calibration
41301105591,calibration
41301105714,calibration
41301105781,validation
41301105821,validation
41301106471,calibration
41301106501,calibration
41301106595,calibration
41301200033,validation
41301200041,calibration
41301200081,calibration
41301200091,validation
41301200131,calibration
41301200161,calibration
41301200221,calibration
41301200231,calibration
41301200371,calibration
41301200411,calibration
41301200811,calibration
41301200871,validation
41301201031,validation
41301201051,calibration
41301300025,calibration
41301300055,validation
41301300173,calibration
41301300411,calibration
41301300823,validation
41301300831,calibration
41301300861,validation
41301300871,calibration
41301300881,calibration
41301300901,validation
41301300911,validation
41301300931,calibration
41301300951,validation
41301300971,validation
41301300991,calibration
41301301011,calibration
41301301021,calibration
41301301051,calibration
41301301091,calibration
41301301111,calibration
41301301141,validation
41301301171,calibration
41301301221,calibration
41301301521,calibration
41301301531,calibration
41301301541,calibration
41301301795,calibration
41301301815,calibration
41301301893,calibration
41301301901,validation
41301301951,calibration
41301302245,calibration
41301302255,calibration
41301302285,calibration
41301400131,calibration
41301400141,calibration
41301400151,calibration
41301400161,calibration
41301400181,calibration
41301400191,validation
41301400201,calibration
41301400211,calibration
41301400281,calibration
41301400374,calibration
41301500035,calibration
41301500061,validation
41301500081,validation
41301500101,validation
41301500121,calibration
41301500171,calibration
41301500181,validation
41301500191,calibration
41301500201,calibration
41301500211,validation
41301500291,calibration
41301500391,validation
41301600101,validation
41301600111,validation
41301600121,calibration
41301600141,validation
41301600161,calibration
41301600171,calibration
41301600181,calibration
41301600261,calibration
41301600281,calibration
41301600431,calibration
41301600471,calibration
41301600531,calibration
41301600584,calibration
41301600671,calibration
41301600721,validation
41301600761,calibration
41301600891,calibration
41301600961,calibration
41301601421,validation
41301700071,calibration
41301700261,validation
41301700271,validation
41301700391,validation
41301700481,calibration
41301700901,calibration
41301700955,calibration
41301701031,calibration
41301701051,calibration
41301701091,calibration
41301701111,calibration
41301701241,calibration
41301701261,calibration
41301701271,calibration
41301701291,calibration
41301701491,calibration
41301702471,calibration
41301702561,calibration
41301702571,calibration
41301900381,calibration
41304000103,calibration
41304000151,calibration
41304000481,calibration
41304000531,calibration
41305200025,validation
41305200045,calibration
41305200055,calibration
41305200131,calibration
41305500081,calibration
41305500131,calibration
41305500261,calibration
41305500365,validation
41305500445,calibration
41305500505,calibration
41305600071,calibration
41305600091,validation
41305600111,calibration
41305600131,calibration
41305600181,calibration
41305700471,calibration
41305700801,validation
41305700871,calibration
41305800033,calibration
41305800051,calibration
41305800121,calibration
41305800141,validation
41305800161,calibration
41305800201,calibration
44560200021,calibration
44560500021,calibration
44581100161,calibration
44581500031,calibration
44582100091,calibration
44582300061,validation
44582700101,calibration
44585000031,calibration
44587100021,calibration
56110400065,calibration
56194100041,calibration
56194100121,calibration
56196000041,calibration
56198100061,calibration
56220100051,validation
56220300051,calibration
56220300104,calibration
56220500021,calibration
56220600061,calibration
56220800051,calibration
56220800071,calibration
56220800191,validation
56220900071,validation
56220900231,calibration
56238100071,calibration
56238700041,validation
56239000295,calibration
56243000121,calibration
56243000151,validation
56252300071,calibration
56252300081,calibration
56252300121,calibration
56252300201,calibration
56252300251,calibration
56252600011,calibration
56252900011,validation
56252900034,calibration
56252900041,calibration
56252900061,validation
56252900091,validation
56253200091,validation
56253400176,calibration
56260500021,calibration
56274000064,calibration
56278300051,calibration
56281000041,calibration
56286000061,calibration
56292300024,calibration
56294100091,calibration
56298300051,calibration
56298800111,calibration
56298900131,calibration
56299400171,calibration
56299500361,calibration
56299500451,calibration
56299800071,calibration
56299800171,calibration
56299900051,calibration
56299900151,calibration
56310000051,validation
56310000081,validation
56310000171,calibration
56310000221,calibration
56310000271,calibration
56310000411,calibration
56310000491,calibration
56310000591,calibration
56310000601,calibration
56310000665,validation
56321000045,calibration
56322000041,calibration
56322000071,calibration
56323000041,calibration
56324200091,calibration
56324300091,validation
56324500016,validation
56325000121,calibration
56327000011,calibration
56327000101,calibration
56329000011,calibration
56330000071,validation
56330000091,validation
56330000154,validation
56341000141,validation
56341000261,calibration
56342100041,calibration
56342300011,calibration
56342300034,validation
56342300051,calibration
56343000051,calibration
56345000061,calibration
56345000151,calibration
56346000011,calibration
56360100084,calibration
56360100121,calibration
56360100201,calibration
56360300011,calibration
56360300064,calibration
56360400021,calibration
56360400081,calibration
56370200081,calibration
56370200111,calibration
56370200151,calibration
56370400051,validation
56370400081,calibration
56370400111,calibration
56370400121,validation
56380000171,validation
56380000241,calibration
56380000311,calibration
56391200101,validation
56391200211,validation
56391400101,calibration
56391600051,validation
56391800025,calibration
56392000091,calibration
56392000121,calibration
56392000131,calibration
56392000141,calibration
56392000161,calibration
56392000181,calibration
56392000261,calibration
56394000111,calibration
56394000141,calibration
56394000151,validation
56394000251,calibration
56394000331,calibration
56394000384,calibration
56394000481,calibration
56395000125,calibration
56395000135,validation
56395000161,calibration
56395000261,validation
56395000485,calibration
56396000041,validation
56396000081,calibration
56400100361,calibration
56400100441,validation
56410100151,calibration
56410100164,calibration
56410100191,calibration
56410500034,calibration
56410500071,calibration
56410500094,calibration
56410500161,calibration
56410500171,calibration
56410500181,calibration
56410500214,validation
56410500304,calibration
56410500311,calibration
56410500361,calibration
56410500461,calibration
56410500474,calibration
56410500481,calibration
56410500551,calibration
56410700041,calibration
56410700144,calibration
56410700161,calibration
56410800051,calibration
56410800171,calibration
56410800311,calibration
56410900034,calibration
56421000131,calibration
56421000214,calibration
56423000041,calibration
56424100041,calibration
56424200051,calibration
56424200071,calibration
56424200171,validation
56424200261,calibration
56424300091,calibration
56424500041,validation
56424500111,validation
56424500184,calibration
56424600041,validation
56424600111,calibration
56424600141,calibration
56424600151,validation
56424600201,calibration
56424600221,validation
56424600311,calibration
56424700041,calibration
56424700051,calibration
56424700131,calibration
56424700181,validation
56424800041,validation
56424900031,calibration
56424900131,calibration
56424900131,calibration
56424900241,calibration
56424900301,calibration
56425000051,calibration
56425000131,calibration
56426900134,calibration
56426900221,calibration
56426900281,calibration
56426900321,calibration
56427000051,calibration
56427000064,calibration
56427000134,validation
56427000251,calibration
56427000361,calibration
56427000404,calibration
56427000431,validation
56427000441,calibration
56427000474,calibration
56427000561,calibration
56427000671,calibration
56428000021,calibration
56429000011,validation
56429000081,calibration
56429000091,validation
56429000191,calibration
56429000211,calibration
56429000316,calibration
56430100131,calibration
56430100191,validation
56430100321,calibration
56430300011,validation
56430300251,validation
56430500081,calibration
56430900031,validation
56450000041,calibration
56450000061,calibration
56450000091,calibration
56450000121,calibration
56461000011,validation
56463000021,calibration
56463000111,calibration
56463000201,calibration
56463000261,validation
56463000311,calibration
56463000381,calibration
56463000451,calibration
56464300011,calibration
56464500021,validation
56464500031,calibration
56464500041,calibration
56464500051,calibration
56464500061,validation
56464500071,calibration
56464500101,calibration
56464500194,validation
56464500261,calibration
56464500361,calibration
56464700051,validation
56464700131,calibration
56464900101,calibration
56464900141,calibration
56465000021,calibration
56465000141,calibration
56467000051,calibration
56467000121,calibration
56467000161,calibration
56467000394,calibration
56467000401,calibration
56467000434,calibration
56467000451,calibration
56467000471,validation
56467000511,validation
56467000541,calibration
56467000571,calibration
56467000601,calibration
56467000644,validation
56467000704,calibration
56467000741,calibration
56467000761,calibration
56469300011,calibration
56469300061,calibration
56469300081,validation
56469300151,validation
56469300171,calibration
56469300231,calibration
56469400021,calibration
56469400126,validation
56469500021,validation
56469500044,calibration
56469500051,calibration
56469500081,calibration
56469500144,calibration
56469500151,calibration
56469500164,calibration
56469900024,calibration
56469900084,calibration
56469900111,calibration
56470000161,calibration
56470000211,calibration
56490300011,calibration
56490300061,calibration
56490300091,calibration
56490500081,calibration
56490500121,calibration
56490700021,calibration
56490900031,calibration
56490900091,calibration
56490900131,validation
56490900211,validation
56800100291,calibration
56821700031,calibration
56821700061,validation
56828100051,calibration
56861000191,calibration
56879100061,validation
56900100121,calibration
56900100355,calibration
56900100405,validation
56900100524,calibration
56900100971,calibration
56900101041,calibration
57104000131,validation
57108000031,calibration
57108000061,calibration
57108000411,calibration
57109500061,validation
57109700031,calibration
57109900031,calibration
57201000041,validation
57202000121,calibration
57203000041,calibration
57205100051,calibration
57205100091,calibration
57205200021,calibration
57205900071,calibration
61204700141,calibration
61209300051,calibration
61209500411,calibration
61209500501,calibration
61209900131,validation
61660400021,validation
61660400081,calibration
61660400361,calibration
61660500061,calibration
61670200061,validation
61670500071,calibration
61670600061,validation
61670800191,calibration
61670800221,validation
61670800541,calibration
61670900151,validation
61670900281,calibration
61680200101,calibration
61680400061,calibration
61680700041,validation
62221600031,calibration
62222600061,calibration
62222700061,calibration
62222700141,calibration
62224100041,calibration
62224900061,validation
62225100041,calibration
62225400101,calibration
62226000171,validation
62227000451,calibration
62228500101,calibration
62228700161,calibration
62229800011,calibration
62235800171,calibration
62236700021,validation
62238000261,calibration
62241700151,calibration
62242300031,calibration
62242500061,calibration
62243900011,calibration
62244300031,calibration
62244600101,calibration
62244600481,calibration
62244600821,calibration
62244700061,calibration
62244800031,calibration
62244900091,calibration
62245300011,calibration
62247000201,calibration
62248000111,calibration
62249100011,calibration
62249900081,calibration
62249900241,validation
62251000111,calibration
62252200301,calibration
62252500201,calibration
62252600021,validation
62252700011,calibration
62252800021,calibration
62252900011,calibration
62254800341,validation
62254900241,calibration
62256200171,calibration
62256500021,calibration
62259000081,calibration
62262300191,validation
62262400021,validation
62262400811,calibration
62263300061,calibration
62263600391,validation
62263900191,validation
62264300221,calibration
62264400071,calibration
62264600111,calibration
62264700131,calibration
62264700261,calibration
62264700321,calibration
62264800051,validation
62264900011,calibration
62265200121,calibration
62265300011,calibration
62265300071,calibration
62265800021,calibration
62265800361,calibration
62265900011,calibration
62267500061,calibration
62267600181,calibration
62268100141,calibration
62268200221,validation
62268200511,calibration
62268200731,validation
62268200821,validation
62268201211,calibration
62270000211,calibration
62270000461,calibration
62282400201,calibration
62282900121,calibration
62283000061,calibration
62284200301,validation
62284400191,calibration
62284500071,validation
62284600021,calibration
62284600121,calibration
62284600191,calibration
62284700041,calibration
62284800051,validation
62284800101,calibration
62284800581,calibration
62284800671,calibration
62284800741,calibration
62284801061,calibration
62284900081,calibration
62284900091,calibration
62284900131,calibration
62286500111,calibration
62287300101,calibration
62287500311,calibration
62287800031,calibration
62287800111,validation
62287900011,calibration
62288100061,calibration
62288200091,calibration
62288200551,validation
62288500081,calibration
62289400171,validation
62289400241,calibration
62289500011,calibration
62289500131,calibration
62291000111,calibration
62292100021,calibration
62292100161,calibration
62292300121,calibration
62292300281,calibration
62292300431,calibration
62292400171,calibration
62292500441,calibration
62292500621,calibration
62292500721,calibration
62292600071,calibration
62292600271,calibration
62292600351,validation
62292600431,calibration
62292600501,calibration
62292600661,calibration
62292600701,calibration
62292600801,validation
62292600831,calibration
62292700201,calibration
62292800021,calibration
62292800071,calibration
62292800751,validation
62292900181,calibration
62292900481,calibration
62293600011,validation
62294400011,calibration
62296300511,calibration
62296300941,calibration
62296400171,calibration
62296400341,calibration
62296400471,calibration
62296401131,calibration
62296500021,validation
62296600121,validation
62296600241,calibration
62296700251,calibration
62296700461,validation
62296700591,calibration
62296700601,calibration
62296800101,calibration
62296900131,validation
62296900291,calibration
62296900361,calibration
62297200161,calibration
62297200391,validation
62297200441,calibration
62297200551,validation
62297500021,calibration
62297500151,calibration
62297500331,calibration
62297600201,calibration
62297600601,validation
62297700021,calibration
62308900061,calibration
62420300021,calibration
62420600121,validation
62441300011,calibration
62441400061,calibration
62442000081,calibration
62442000121,calibration
62443000101,calibration
62444100041,calibration
62444500021,calibration
62444500041,validation
62445400041,calibration
62445400101,validation
62445800031,calibration
62445800071,calibration
62445900023,calibration
62446500021,calibration
62446600111,calibration
62449000231,calibration
62451100061,calibration
62451300041,calibration
62451400021,calibration
62453000081,calibration
62458000051,validation
62460500051,calibration
62460600231,calibration
62460600321,calibration
62460900031,calibration
62460900121,validation
62460900191,calibration
62470900041,validation
62480100091,calibration
62480300221,calibration
62480400041,calibration
62480700031,calibration
62480900111,validation
62494000051,validation
62494000171,validation
62495100031,calibration
62495300111,calibration
62495400161,calibration
62495400271,validation
62495600111,calibration
62495600321,calibration
62495900011,calibration
62496000021,calibration
62496000091,calibration
62497000041,calibration
62498000151,validation
62499000041,calibration
62499000311,calibration
62500400311,calibration
62500600301,calibration
62500600461,calibration
62500600811,calibration
62500600881,calibration
63101000181,calibration
63102100081,calibration
63102200031,validation
63102300091,calibration
63103400271,validation
63104300171,calibration
63104900011,calibration
63106200071,calibration
63106200161,calibration
63106200171,calibration
63106500031,calibration
63106500051,calibration
63106500101,calibration
63106700061,calibration
63106700111,calibration
63108100111,calibration
63108300041,calibration
63108300081,calibration
63108500071,calibration
63108500141,calibration
63108700091,calibration
63109200181,calibration
63109200211,validation
63210400101,calibration
63210400171,calibration
63210400231,validation
63210400321,calibration
63210900011,validation
63210900121,calibration
63220100031,calibration
63220300011,calibration
63220400011,calibration
63220500101,calibration
63230000011,validation
63230000051,calibration
63240100061,calibration
63240200071,validation
63240200111,calibration
63250000071,calibration
63260100051,calibration
63280300021,calibration
63280300061,calibration
63280300171,calibration
63280500151,calibration
63280500161,calibration
63290000041,calibration
63290000101,calibration
63290000191,calibration
63301000074,calibration
63304100081,validation
63304300021,calibration
63304300231,calibration
63304400021,calibration
63304400431,calibration
63304500171,calibration
63304700041,calibration
63305000171,calibration
63305000241,validation
63306100021,calibration
63306100031,calibration
63306100051,calibration
63306100161,validation
63306300041,validation
63306500011,calibration
63306500031,calibration
63306500061,validation
63306600021,calibration
63306600051,calibration
63307800045,calibration
63307800095,validation
63308000045,calibration
63308000111,calibration
63309200041,calibration
63309200051,calibration
63309400023,calibration
63309400081,calibration
63309600051,calibration
63309600081,validation
63309600111,calibration
63309800091,calibration
63411100061,calibration
63411300011,validation
63411500031,validation
63411700011,validation
63413000061,calibration
63413000091,calibration
63415000151,calibration
63420100011,calibration
63420100091,calibration
63420200031,calibration
63420200211,calibration
63420300051,calibration
63420300081,calibration
63420300131,calibration
63430300011,calibration
63430500021,validation
63430700011,calibration
63430900021,calibration
63440300031,calibration
63440300061,validation
63450100011,calibration
63450700051,calibration
63450800081,validation
63470100021,calibration
63470100131,calibration
63470500021,calibration
63470800031,calibration
63470800051,validation
63470800091,calibration
63470800171,calibration
63470800281,calibration
63470800491,calibration
63470900021,calibration
63480100071,calibration
63480100081,calibration
63480200021,calibration
63480200061,calibration
63480500031,calibration
63480600111,calibration
63480600341,validation
63480700041,calibration
63480700161,validation
63491000031,calibration
63494000041,calibration
63494000141,calibration
63494000221,validation
63494000331,validation
63494000381,calibration
63494000431,calibration
63494000461,validation
63494000521,calibration
63495000031,calibration
63498000071,calibration
63498000151,calibration
63498000241,calibration
63498000471,calibration
63498000581,calibration
63498000711,calibration
63498000791,calibration
63499000171,calibration
63499000241,calibration
63499000301,calibration
63499000331,calibration
63516200041,validation
63516300061,calibration
63516500041,validation
63516700051,validation
63516700171,validation
63516700201,calibration
63520100041,validation
63520100061,validation
63520300021,calibration
63520300041,calibration
63520500031,calibration
63520700031,calibration
63520700091,calibration
63530800071,validation
63530800111,calibration
63530800191,calibration
63540100121,calibration
63540100261,calibration
63540100331,validation
63540100391,calibration
63540200031,calibration
63540200081,calibration
63540300041,calibration
63540700021,validation
63540800071,calibration
63540900151,calibration
63550400091,calibration
63550600161,calibration
63550600221,calibration
63550600301,calibration
63550800061,calibration
63550800071,calibration
63550800101,calibration
63550800251,calibration
63550800301,calibration
63550800351,calibration
63560100031,validation
63560100071,validation
63560100171,calibration
63560200031,calibration
63560200201,calibration
63560200331,calibration
63560300091,calibration
63560300111,validation
63560400071,calibration
63560400191,calibration
63560500021,calibration
63560600011,calibration
63560600131,calibration
63560700031,validation
63560800021,calibration
63560800101,calibration
63560900051,calibration
63560900081,calibration
63560900161,calibration
63560900271,calibration
63560900381,validation
63560900471,calibration
63570000081,calibration
63570000141,calibration
63570000341,validation
63570000411,calibration
63570000441,calibration
63580100055,calibration
63580200061,calibration
63580200121,calibration
63580200171,calibration
63580300041,calibration
63580400011,calibration
63580400031,calibration
63580400111,calibration
63580500031,calibration
63580600011,calibration
63580600101,calibration
63580600151,calibration
63580600251,validation
63580700101,calibration
63580800101,calibration
63580800141,calibration
63580800211,calibration
63580900021,calibration
63580900121,calibration
63580900221,validation
63580900281,calibration
63580900301,calibration
63580900401,calibration
63580900451,calibration
64110200111,validation
64110200131,calibration
64110200161,calibration
64110200231,calibration
64110200291,calibration
64110200321,calibration
64110200341,validation
64110200351,calibration
64110200421,calibration
64110200501,calibration
64110200511,calibration
64110200521,calibration
64110200811,validation
64110400081,calibration
64110400111,validation
64110400161,calibration
64110400201,calibration
64110400291,calibration
64110400341,calibration
64110400431,calibration
64110400521,calibration
64110600051,calibration
64110600091,calibration
64110600114,validation
64110600221,validation
64110600251,validation
64110600271,calibration
64110700081,validation
64110800071,calibration
64110800101,calibration
64110800121,validation
64110800221,validation
64110800231,calibration
64110800281,calibration
64120200091,calibration
64120200141,validation
64120200151,validation
64120200191,calibration
64120200351,calibration
64120200711,validation
64120200821,calibration
64120200841,calibration
64120200891,calibration
64120300071,calibration
64120700011,calibration
64120800064,calibration
64120900081,calibration
64130000081,validation
64130000191,calibration
64140200071,calibration
64140400041,calibration
64182000041,calibration
64182000151,calibration
64185000061,calibration
64186100061,validation
64186200061,validation
64186300061,calibration
64186300091,calibration
64186400081,validation
64186400231,calibration
64186600121,validation
64186700071,calibration
64186800011,calibration
64187300011,calibration
64187300071,calibration
64187300161,calibration
64187300251,calibration
64187400061,calibration
64187400161,calibration
64187600251,validation
64187600371,calibration
64187600431,calibration
64187700051,calibration
64187700111,calibration
64187700231,calibration
64187700301,validation
64187700361,calibration
64187700401,calibration
64187700711,calibration
64187700981,calibration
64187800011,calibration
64187800071,validation
64187800221,calibration
64187900531,calibration
64187900601,calibration
64187900651,calibration
64187900761,validation
64187900861,validation
64187900891,calibration
64187901371,calibration
64188000231,calibration
64188000341,calibration
64188000481,calibration
64188000561,calibration
64189000381,calibration
64245100011,calibration
64245500061,calibration
64245700221,calibration
64245700791,calibration
64247400171,validation
64247400301,calibration
64247400361,calibration
64247400411,calibration
64247500021,calibration
64247800361,calibration
64247800421,calibration
64247800651,calibration
64247800851,calibration
64247900191,calibration
64247900251,validation
64248300121,validation
64248500061,calibration
64248600151,validation
64248600201,calibration
64248700061,calibration
64248700171,validation
64248800131,calibration
64248800161,calibration
64248900171,validation
64248900361,calibration
64249100071,validation
64249300031,validation
64249400081,validation
64249400141,calibration
64249400461,calibration
64249400741,calibration
64249400831,validation
64249400911,calibration
64249401541,calibration
64249401591,calibration
64249500051,calibration
64249500121,validation
64249500231,calibration
64249500301,calibration
64249500591,validation
64249600081,calibration
64252200301,calibration
64252200471,calibration
64252900221,validation
64254000071,calibration
64254000121,validation
64254000161,calibration
64254000171,calibration
64254000221,calibration
64254000281,calibration
64254000461,calibration
64254000551,calibration
64254000591,validation
64254000641,calibration
64255000201,calibration
64255000371,calibration
64255000561,calibration
64256100051,calibration
64256100141,validation
64256100201,calibration
64256300051,validation
64256400031,calibration
64256700051,calibration
64256800021,validation
64256900041,calibration
64256900121,calibration
64258300111,calibration
64258400101,calibration
64258700021,validation
64258700111,calibration
64259000061,calibration
64262000091,validation
64262000141,validation
64264000071,calibration
64272100081,calibration
64272200011,calibration
64272200071,validation
64272300081,validation
64272500021,validation
64274000101,calibration
64274000271,calibration
64276000091,validation
64276000261,calibration
64281200121,calibration
64281200141,calibration
64281400071,calibration
64281400231,calibration
64282000081,calibration
64282000131,calibration
64282000191,validation
64282000241,calibration
64282000301,calibration
64284400031,validation
64284400131,calibration
64284400191,calibration
64284500021,calibration
64284600011,calibration
64285000231,calibration
64288000461,calibration
64288001001,validation
64289600051,validation
64289800131,calibration
64289800241,calibration
64289900031,calibration
64294200071,validation
64294500051,calibration
64294700071,calibration
64296000041,calibration
64298000301,calibration
64298000511,calibration
64298000551,calibration
64299000791,calibration
71140100161,calibration
71181100071,calibration
71181200093,calibration
71181300713,validation
71181400033,calibration
71181700071,calibration
71181900061,calibration
71181900543,calibration
71188000201,calibration
71211000164,calibration
71211000184,calibration
71212000371,calibration
71212000761,calibration
71214000011,calibration
71216000073,calibration
71217000501,validation
71218000163,calibration
71222100081,calibration
71222100191,calibration
71222900181,calibration
71223400363,calibration
71223800071,calibration
71224100134,calibration
71224100294,calibration
71224300133,calibration
71224300474,calibration
71224700021,calibration
71225000151,calibration
71226100021,calibration
71226100061,calibration
71226300021,calibration
71226500081,validation
71226500221,validation
71226600041,calibration
71226600081,calibration
71226700031,calibration
71226700091,calibration
71226700131,calibration
71226800041,calibration
71227000021,calibration
71227000131,calibration
71227000251,calibration
71228100051,calibration
71228900021,calibration
71230300091,calibration
71230500191,calibration
71230900041,calibration
71230900201,calibration
71241000051,calibration
71241000151,calibration
71245000111,validation
71247000211,validation
71247000331,calibration
71249000081,calibration
71249000221,calibration
71250300071,calibration
71260100031,validation
71260500011,validation
71260500161,calibration
71270000171,validation
71280000021,validation
71280000151,calibration
71280000191,calibration
71280000461,calibration
71280000501,calibration
71290000021,validation
71290000121,calibration
71290000134,calibration
71290000244,calibration
71290000311,calibration
71290000341,calibration
71290000481,calibration
71290000521,calibration
71321000071,validation
71322300231,calibration
71323000071,calibration
71347000373,calibration
71348000013,calibration
71352500141,calibration
71354000181,calibration
71356300011,calibration
71356400091,validation
71356500181,validation
71356700191,calibration
71363000091,calibration
71365000031,calibration
71366200163,calibration
71366500051,calibration
71369100051,calibration
71369300141,calibration
71381000051,calibration
71381000231,calibration
71382000061,validation
71383000051,calibration
71384000041,calibration
71384000201,calibration
71386000061,calibration
71388000241,calibration
71389000051,calibration
72110600391,calibration
72120400043,calibration
72120500041,calibration
72130000331,validation
72150000081,validation
72192300021,calibration
72240300051,calibration
72302000053,calibration
72302000251,validation
72304000051,calibration
72304000071,calibration
72304000091,calibration
72304000111,calibration
72306000061,calibration
72307500194,calibration
72309000041,calibration
72316000071,calibration
72340100041,calibration
72340300011,calibration
72340400011,calibration
72350200021,calibration
72350500195,calibration
72350600041,calibration
72360000261,calibration
72390800073,calibration
72402000021,calibration
72408200093,calibration
72408200151,calibration
72408300191,calibration
72408400051,calibration
72408600081,calibration
72408600474,calibration
72409000094,calibration
72409000321,calibration
72510000201,validation
72510000261,validation
72510000451,validation
72510000511,calibration
72510000694,calibration
72510000921,calibration
72510001051,calibration
72510001121,calibration
72510001231,calibration
72520400021,calibration
72530400131,calibration
72530400141,calibration
72530400201,calibration
72530400251,calibration
72530400264,calibration
72530400281,calibration
72530400361,calibration
72530400561,calibration
72530600083,calibration
72530600481,calibration
72530600571,validation
72530600751,validation
72530800053,calibration
72530800151,calibration
72530900053,calibration
72530900081,calibration
72541000171,calibration
72541000281,validation
72541000301,calibration
72541000331,calibration
72541000353,calibration
72544000343,calibration
72545000211,calibration
72545000251,calibration
72545000331,validation
72545000434,calibration
72546000201,validation
72547600021,validation
72547700311,validation
72549600091,calibration
72551000153,calibration
72551000164,validation
72551000383,calibration
72551000561,calibration
72551000844,calibration
72551000941,validation
72551001223,calibration
72551001391,calibration
72551001511,calibration
72551001671,calibration
72552000581,calibration
72552000781,calibration
72552000961,calibration
72554000141,calibration
72554000191,validation
72554000211,calibration
72554000283,calibration
72554000424,calibration
72554000511,calibration
72554000521,calibration
72554000621,calibration
72554000641,calibration
72555200091,calibration
72555200121,calibration
72555200151,calibration
72555500081,calibration
72555500093,calibration
72555500181,validation
72555600111,calibration
72555600161,calibration
72555600194,calibration
72555600241,validation
72555600301,validation
72555600341,calibration
72555800061,calibration
72555800071,validation
72555800111,calibration
72556000061,calibration
72556000124,validation
72556000181,calibration
72556000221,calibration
72556000231,calibration
72556000244,validation
72556000261,calibration
72556000271,calibration
72556000296,calibration
72556000341,calibration
72556000384,calibration
72556000461,calibration
72556000511,calibration
72556000531,calibration
72556000601,calibration
72557300041,calibration
72557400081,calibration
72557400131,validation
72557400191,calibration
72557400201,validation
72557400214,calibration
72557400241,calibration
72557400251,calibration
72557400291,calibration
72557700071,calibration
72557800041,calibration
72557800091,validation
72558200021,calibration
72558200174,validation
72558200191,validation
72558200224,validation
72558200241,calibration
72558300091,calibration
72558300111,validation
72558600041,calibration
72558700041,calibration
72558900021,calibration
72558900051,validation
72570600274,calibration
72581000271,validation
72582200141,calibration
72582200231,calibration
72582400071,calibration
72582400101,validation
72582400144,calibration
72582400221,calibration
72582400251,calibration
72582400271,calibration
72582400341,calibration
72582400371,validation
72582400391,calibration
72582400431,calibration
72582400591,calibration
72582400691,calibration
72582600021,calibration
72582600061,calibration
72582700061,calibration
72582700511,calibration
72582700571,validation
72582800061,calibration
72582800071,calibration
72582900081,validation
72582900211,calibration
72583200074,calibration
72583200124,validation
72583700091,calibration
72586000051,validation
72586000071,validation
72586000151,calibration
72586000251,calibration
72586000301,validation
72586000371,calibration
72587000251,calibration
72587000284,calibration
72587000331,calibration
72587000451,calibration
72589000091,calibration
72589000121,calibration
72589000161,calibration
72589000191,calibration
72589000261,calibration
72591100073,validation
72591100231,validation
72591100311,calibration
72592000041,calibration
72592000181,calibration
72596300161,calibration
72598000121,validation
72599200091,validation
72599700261,validation
72600000051,calibration
72601200044,calibration
72601700041,calibration
72604000031,calibration
72604000101,calibration
72604000221,calibration
72606000065,calibration
72606000285,validation
72607200211,calibration
72608200111,calibration
72608300241,validation
72608300301,calibration
72608400091,calibration
72608600011,calibration
72608600081,calibration
72608600121,calibration
72608700021,calibration
72608700091,calibration
72608700141,validation
72608700281,calibration
72608700421,calibration
72608800011,calibration
72608900011,calibration
72608900081,calibration
73111000085,calibration
73111000411,calibration
73112000101,calibration
73112000561,validation
73112000681,calibration
73112000791,calibration
73112000961,calibration
73112001031,calibration
73112001111,calibration
73114000141,calibration
73114000281,calibration
73114000391,validation
73114000511,calibration
73114000521,validation
73114000681,calibration
73114000761,calibration
73114000831,calibration
73114000881,calibration
73114001111,calibration
73114001311,calibration
73114001361,calibration
73116000121,calibration
73116000286,calibration
73118000064,calibration
73118000141,calibration
73118000221,calibration
73118000301,validation
73119000071,calibration
73119000151,validation
73120000111,calibration
73120000121,calibration
73120000191,validation
73120000381,calibration
73120000431,calibration
73120000511,calibration
73120000601,calibration
73120000671,calibration
73120000721,calibration
73120000801,calibration
73120000891,calibration
73120000941,calibration
73120000961,calibration
73130000071,calibration
73130000121,calibration
73130000181,calibration
73140200101,validation
73140300093,calibration
73140300104,calibration
73140400021,calibration
73140400071,calibration
73140400131,calibration
73140400171,calibration
73140400251,calibration
73140400361,calibration
73140400431,validation
73140500071,calibration
73140600031,calibration
73140700011,calibration
73140700091,calibration
73140700421,calibration
73140800011,calibration
73140800061,calibration
73140800121,calibration
73140800171,calibration
73140900011,calibration
73140900091,calibration
73150600111,calibration
73150600151,validation
73150600191,calibration
73150600251,calibration
73150600261,calibration
73150600291,calibration
73150600301,calibration
73150600331,calibration
73150600351,calibration
73150600381,validation
73150600461,validation
73150600484,calibration
73150600551,calibration
73150600571,calibration
73150600581,calibration
73150600611,calibration
73150600671,calibration
73150600734,calibration
73150600751,validation
73150600791,validation
73150600801,calibration
73150600821,calibration
73150600861,calibration
73160100024,validation
73160100113,calibration
73160100151,calibration
73160100191,calibration
73160200021,calibration
73160200051,calibration
73160200101,calibration
73160200111,calibration
73160200161,calibration
73160200251,calibration
73160300051,calibration
73160400011,calibration
73160400021,calibration
73160400041,calibration
73160400061,calibration
73160400081,calibration
73160400111,calibration
73160400181,calibration
73160400251,calibration
73160400291,calibration
73160400301,calibration
73160500021,calibration
73160500041,validation
73160500091,calibration
73160500141,calibration
73160500191,calibration
73160700011,calibration
73160700031,calibration
73160700051,calibration
73160800021,calibration
73160900031,calibration
73160900061,calibration
73160900091,calibration
73160900101,validation
73180100054,calibration
73180200036,calibration
73180300011,calibration
73180400011,calibration
73180400111,calibration
73180400221,validation
73180500031,validation
73180500131,calibration
73180700031,calibration
73190200071,validation
73190600091,calibration
73190600151,calibration
73190600201,validation
73190600241,calibration
73190600321,calibration
73190600381,calibration
73190600461,calibration
73190800031,calibration
73214000141,calibration
73214000321,calibration
73214000351,calibration
73214000384,calibration
73215000125,calibration
73215000145,calibration
73216000031,calibration
73216000061,calibration
73216000091,calibration
73216000231,calibration
73218000051,calibration
73218000101,calibration
73218000171,calibration
73218000241,calibration
73218000404,calibration
73218000491,calibration
73218000521,calibration
73220300011,calibration
73220700051,calibration
73220700141,calibration
73220700181,validation
73220800011,calibration
73220900011,validation
73220900171,validation
73220900231,calibration
73240100031,calibration
73240100081,calibration
73240200011,calibration
73240200071,calibration
73240200093,calibration
73240200121,calibration
73240200221,calibration
73240200294,calibration
73240200331,validation
73240200361,calibration
73240200411,calibration
73240200501,calibration
73240200551,calibration
73240200601,calibration
73240300071,validation
73240500051,calibration
73240700011,calibration
73240900164,calibration
73251000075,calibration
73251000315,calibration
73252000111,calibration
73252000171,calibration
73252000201,calibration
73252000264,calibration
73252000691,calibration
73252000721,calibration
73252000921,calibration
73252001401,calibration
73254100061,calibration
73254300031,calibration
73254300051,calibration
73254400041,calibration
73254400081,calibration
73254400101,validation
73254400121,calibration
73254400141,calibration
73254400281,validation
73254500021,calibration
73254700101,calibration
73254700131,calibration
73254700211,validation
73254700221,validation
73254700241,calibration
73255000181,calibration
73256000045,calibration
73256000155,calibration
73256000231,calibration
73256000261,validation
73256000293,validation
73256000341,calibration
73256000411,calibration
73256000481,calibration
73256000605,calibration
73256000735,calibration
73257400044,validation
73257400101,calibration
73257800044,calibration
73257800095,calibration
73257800105,calibration
73257800114,calibration
73257800135,calibration
73257800145,validation
73257800155,validation
73258000021,calibration
73258000051,calibration
73258000071,validation
73258000091,calibration
73258000121,validation
73258000141,calibration
73258000161,calibration
73258000191,calibration
73259000071,validation
73259000091,calibration
73260100065,calibration
73260300031,calibration
73260300081,validation
73260300121,calibration
73260400071,calibration
73260400101,calibration
73260400131,validation
73260400151,validation
73260400211,calibration
73260400321,calibration
73260400381,calibration
73260400401,validation
73260400421,calibration
73260400491,calibration
73260500084,validation
73260500121,calibration
73260700051,calibration
73260900011,validation
73260900141,calibration
73260900201,calibration
73260900281,validation
73260900291,calibration
73260900301,calibration
73260900311,calibration
73260900321,validation
73260900334,calibration
73260900361,calibration
73260900371,calibration
73260900381,calibration
73260900401,calibration
73270200031,calibration
73270200091,calibration
73270200111,calibration
73270200141,validation
73270200211,validation
73270600041,calibration
73270600081,calibration
73270600101,calibration
73270600181,calibration
73270600194,calibration
73270600301,calibration
73282100074,calibration
73282300041,validation
73282400081,calibration
73282400134,calibration
73282400294,calibration
73282400321,calibration
73282400441,calibration
73282500071,calibration
73282500181,calibration
73282800031,calibration
73282900061,calibration
73282900241,calibration
73283000114,calibration
73284000041,calibration
73285000111,calibration
73286000021,calibration
73286000231,validation
73286000271,calibration
73287000181,calibration
73287000461,validation
73287000494,calibration
73287000651,calibration
73287000741,calibration
73288000011,calibration
73288000061,calibration
73288000071,calibration
73289000011,calibration
73289000061,calibration
73289000121,calibration
73289000174,calibration
73290000091,calibration
73290000161,calibration
73290000211,calibration
73290000311,validation
73290000411,calibration
73290000441,calibration
73290000491,calibration
74100600111,validation
74100600171,validation
74100600231,calibration
74100600261,calibration
74100600311,calibration
74100600331,calibration
74100600501,calibration
74210000125,calibration
74210000141,validation
74210000331,calibration
74222700141,calibration
74222700201,calibration
74222800081,calibration
74222900141,calibration
74222900301,calibration
74222900521,calibration
74223300211,calibration
74223600121,calibration
74223700081,calibration
74223900071,calibration
74224000101,calibration
74224000141,calibration
74225000031,validation
74225000121,calibration
74225000191,calibration
74225000291,validation
74226000161,calibration
74226000251,calibration
74226000311,calibration
74226000371,calibration
74227100121,calibration
74227100251,calibration
74227400031,calibration
74227400081,calibration
74227700031,calibration
74227800031,calibration
74228000041,calibration
74228000061,calibration
74228000121,calibration
74228000181,calibration
74228000301,calibration
74229000031,calibration
74229000101,validation
74229000161,validation
74230100081,calibration
74230200061,calibration
74230700041,calibration
74230800011,calibration
74230800021,calibration
74230800241,validation
74241300224,calibration
74241700264,calibration
74241700281,calibration
74242100031,calibration
74242200141,calibration
74242200291,calibration
74242200321,calibration
74242200351,validation
74242200381,validation
74242200411,calibration
74242200431,calibration
74242200451,calibration
74242200511,calibration
74242300081,calibration
74242300221,calibration
74242300251,calibration
74242300281,calibration
74242300561,calibration
74242300721,calibration
74242500151,calibration
74242500171,calibration
74242700161,calibration
74243000091,calibration
74243000101,validation
74243000181,validation
74243000221,calibration
74243000251,calibration
74244100134,calibration
74244300011,calibration
74244400031,calibration
74244600061,calibration
74244700041,validation
74244700161,validation
74244700311,calibration
74244700324,calibration
74244700401,calibration
74244700471,calibration
74244900021,calibration
74244900061,calibration
74244900081,validation
74246000101,calibration
74246000171,calibration
74246000191,calibration
74246000271,calibration
74246000351,validation
74246000381,calibration
74247000031,validation
74247000091,calibration
74248100121,calibration
74248300011,calibration
74248300061,calibration
74248300181,calibration
74248300221,calibration
74248300231,validation
74248700041,validation
74249100101,calibration
74249200041,calibration
74249200221,validation
74249200311,calibration
74249200361,calibration
74249300101,calibration
74249300131,calibration
74249300161,calibration
74249300171,validation
74249300181,calibration
74249300201,validation
74249300231,calibration
74249300261,validation
74249300321,calibration
74249300341,calibration
74249300391,calibration
74249300441,calibration
74249300541,calibration
74249500161,validation
74249500181,calibration
74249500221,calibration
74249500241,calibration
74249500281,calibration
74249500301,calibration
74249700031,calibration
74249700061,calibration
74249800011,validation
74249900011,calibration
74249900141,calibration
74249900181,calibration
74249900281,calibration
74252300041,calibration
74252300111,calibration
74252400061,calibration
74252500041,calibration
74252500101,calibration
74252600031,calibration
74252600111,calibration
74252600141,validation
74252600201,validation
74252600231,calibration
74252700061,calibration
74252700151,validation
74252900011,calibration
74252900581,calibration
74252900611,calibration
74255000091,calibration
74258000071,calibration
74259000101,calibration
74261000034,calibration
74262200031,calibration
74262200091,validation
74262200131,calibration
74262200161,calibration
74262200181,calibration
74262200231,calibration
74262200271,calibration
74262200301,calibration
74262200341,calibration
74262200381,calibration
74262300731,calibration
74262300791,calibration
74262600476,validation
74262700391,calibration
74262700411,validation
74262700441,validation
74262800141,calibration
74262800171,calibration
74262800221,calibration
74262800241,validation
74262800301,calibration
74262800371,calibration
74264300041,validation
74264300071,calibration
74264400011,calibration
74264400101,calibration
74264600021,calibration
74264600251,validation
74264700191,calibration
74264900071,calibration
74265000011,calibration
74265000111,calibration
74266300051,calibration
74266300111,calibration
74266400031,validation
74266400071,calibration
74266400161,calibration
74266400231,calibration
74266400281,calibration
74266400321,calibration
74266400331,calibration
74266400371,validation
74266400381,validation
74266400421,validation
74266400461,calibration
74266400591,validation
74266400661,calibration
74266400741,calibration
74266400804,validation
74266700021,calibration
74266700071,calibration
74266700111,calibration
74266700141,calibration
74266700171,calibration
74266700231,calibration
74266800021,calibration
74266800031,validation
74266800071,calibration
74266800131,validation
74266800151,validation
74266800161,calibration
74266900041,validation
74266900061,calibration
74266900161,validation
74266900281,calibration
74266900381,calibration
74266900401,calibration
74266900471,calibration
74266900541,calibration
74267200024,calibration
74267200121,calibration
74267200171,validation
74267200301,calibration
74267200371,calibration
74267300104,calibration
74267300251,validation
74267300261,validation
74267400074,calibration
74267400094,calibration
74267400131,calibration
74267400164,calibration
74267400194,calibration
74267400234,calibration
74267400274,calibration
74267400304,calibration
74267400334,calibration
74267400384,validation
74267400444,calibration
74267400474,calibration
74267500034,calibration
74267600061,calibration
74267600091,calibration
74267600101,calibration
74267600121,calibration
74267600151,calibration
74267600171,calibration
74267600201,validation
74267600221,calibration
74267600241,validation
74267700191,calibration
74267700201,calibration
74267700231,calibration
74267800051,calibration
74267800071,calibration
74267800091,calibration
74267800121,calibration
74267800141,validation
74267800151,calibration
74267800181,calibration
74267800221,calibration
74267800281,calibration
74267800301,calibration
74267800351,validation
74267900051,calibration
74267900161,calibration
74268300021,calibration
74268400011,calibration
74268400041,validation
74268500061,calibration
74268600011,calibration
74268700061,validation
74268800021,calibration
74268800051,calibration
74268800131,validation
74268900153,calibration
74268900281,calibration
74268900323,validation
74268900381,calibration
74268900451,calibration
74269200061,calibration
74269400041,calibration
74269400181,calibration
74269400201,calibration
74269400231,calibration
74269400451,calibration
74269400501,calibration
74269500051,calibration
74269600051,validation
74269600061,validation
74269600091,calibration
74269600101,calibration
74269700024,validation
74269800061,validation
74269800164,calibration
74269800281,validation
74269800291,calibration
74269800381,calibration
74269800461,calibration
74269800481,calibration
74269900064,calibration
74269900124,calibration
74269900191,calibration
74269900251,validation
74269900301,calibration
74269900341,calibration
74269900411,calibration
74269900431,calibration
74269900491,calibration
74269900511,calibration
74269900591,calibration
74269900631,calibration
74269900701,calibration
74269900721,calibration
74269900801,calibration
74269900811,calibration
74269900861,calibration
74270100061,calibration
74270400051,validation
74270500051,calibration
74270600071,calibration
74270800041,calibration
74270800061,calibration
74270800151,calibration
74270900041,validation
74281000041,calibration
74282100101,calibration
74282500041,calibration
74282500111,calibration
74282500201,calibration
74282600011,calibration
74282600071,calibration
74282600081,calibration
74282600101,calibration
74282600141,validation
74282600211,calibration
74282600261,calibration
74282700031,validation
74282700071,validation
74282700101,calibration
74282700201,calibration
74282700211,calibration
74282800011,calibration
74282800071,calibration
74282900021,calibration
74284100021,validation
74284100071,validation
74284100101,calibration
74284100141,calibration
74284100151,calibration
74284100161,calibration
74284300021,calibration
74284400011,calibration
74284400021,calibration
74284400051,validation
74284400134,calibration
74284400141,calibration
74284500031,calibration
74284500131,calibration
74284700051,calibration
74284900021,calibration
74285000011,calibration
74285000161,calibration
74286100011,calibration
74286100021,calibration
74286100031,calibration
74286200031,calibration
74286200064,calibration
74286200091,calibration
74286200201,validation
74286200221,calibration
74286200261,calibration
74286200301,calibration
74286300021,calibration
74286300061,calibration
74286300101,calibration
74286300121,calibration
74286300141,calibration
74286300171,validation
74286300221,calibration
74286300261,calibration
74286400011,calibration
74286400051,calibration
74286400101,calibration
74286700024,validation
74287200041,calibration
74287200101,calibration
74287200131,calibration
74287200181,calibration
74287200231,calibration
74287200291,calibration
74287200341,validation
74287200361,validation
74287200391,calibration
74287200491,calibration
74287200531,calibration
74287300061,calibration
74287300081,calibration
74287300281,validation
74287300371,calibration
74287300474,calibration
74287300551,calibration
74287300611,calibration
74287400051,calibration
74287400171,validation
74287400361,calibration
74287400551,calibration
74287400631,calibration
74287500211,calibration
74287500341,calibration
74287600031,validation
74287600071,calibration
74287600101,calibration
74287600241,calibration
74287600491,calibration
74287600551,calibration
74287700093,validation
74287800011,calibration
74287800033,calibration
74287800071,calibration
74287800181,validation
74287900011,calibration
74287900061,calibration
74288100051,calibration
74288100131,calibration
74288200011,calibration
74288500011,calibration
74288500091,validation
74288500164,validation
74289100061,calibration
74289100081,calibration
74289500064,calibration
74289500111,calibration
74289600024,calibration
74289700034,validation
74289700111,calibration
74291100031,calibration
74291100061,calibration
74291100071,calibration
74291100111,calibration
74291200051,calibration
74291200111,calibration
74291200221,calibration
74291400061,calibration
74291400101,calibration
74291400121,calibration
74291500021,calibration
74291500091,calibration
74291700041,calibration
74291700091,calibration
74291800031,calibration
74291800041,calibration
74291900061,validation
74291900111,calibration
74291900161,calibration
74292100041,calibration
74292100061,calibration
74292100071,calibration
74292100101,validation
74292100131,calibration
74292100144,calibration
74292100181,calibration
74292100201,calibration
74292200011,calibration
74292200091,calibration
74292200121,calibration
74292200191,calibration
74292200201,calibration
74292200221,calibration
74292300031,calibration
74292400051,calibration
74292400101,calibration
74292500011,calibration
74292500061,calibration
74292500141,calibration
74292500171,calibration
74292500201,calibration
74292500261,calibration
74292700011,calibration
74292700071,calibration
74292700111,calibration
74292900071,calibration
74292900101,calibration
74293100021,calibration
74293300081,calibration
74293400031,calibration
74293400051,validation
74293400084,calibration
74293700011,validation
74293800021,calibration
74293800051,calibration
74293900041,validation
74294100021,calibration
74294100041,calibration
74294200021,calibration
74294200111,calibration
74294200141,calibration
74294200171,calibration
74294300031,calibration
74294300051,calibration
74294400011,calibration
74294400031,validation
74294400091,calibration
74294400171,calibration
74294400211,validation
74294400321,validation
74294400441,validation
74294400521,calibration
74294400571,calibration
74294500011,calibration
74294500091,calibration
74294500171,calibration
74294500191,calibration
74294500201,calibration
74294600061,calibration
74294600251,calibration
74294600391,calibration
74294600534,calibration
74294700281,calibration
74294900034,calibration
74294900144,calibration
74294900151,validation
74294900551,calibration
74294900711,calibration
74294900776,calibration
74295100031,calibration
74295100141,calibration
74295100181,calibration
74295100221,calibration
74295100271,calibration
74295200011,calibration
74295200031,calibration
74295200071,calibration
74295200111,calibration
74295400021,calibration
74295400071,calibration
74295400141,calibration
74295400201,calibration
74295400261,calibration
74295600031,calibration
74295600101,calibration
74295600191,calibration
74295800031,calibration
74295800171,calibration
74295800291,calibration
74295800331,calibration
74296300051,calibration
74296400041,calibration
74296500041,calibration
74296500081,validation
74297700101,validation
74297800081,calibration
74297800231,calibration
74297800361,calibration
74297800511,calibration
74298100051,validation
74298100121,validation
74298200051,calibration
74298200291,calibration
74298200361,calibration
74298300041,validation
74298500091,validation
74298600081,calibration
74298600221,calibration
74298600291,calibration
74298600391,calibration
74298600631,calibration
74298600751,calibration
74298600861,calibration
74298700011,calibration
74298700101,calibration
74298700131,calibration
74298700164,calibration
74298900021,calibration
74298900061,validation
74298900281,calibration
74298900341,calibration
74298900421,calibration
74298900521,calibration
74298900561,calibration
74299100051,calibration
74299300101,validation
74299400051,calibration
74299400121,calibration
74299400191,calibration
74299400291,calibration
74299400341,calibration
74299400421,calibration
74299400591,calibration
74299400841,calibration
74299700071,validation
74299700201,calibration
74299700231,calibration
74299800021,calibration
74299800101,calibration
74299800201,calibration
74299800291,calibration
74299900031,validation
74299900071,calibration
74299900201,calibration
74299900251,calibration
74299900281,calibration
74299900354,calibration
74299900461,calibration
74299900561,calibration
74299900611,calibration
74299900641,calibration
74299900681,calibration
74299900731,calibration
74299900761,calibration
74299900821,calibration
74299900881,validation
74299900921,calibration
74299900961,calibration
74299901011,validation
74299901031,calibration
74300400205,calibration
75120400081,calibration
75120400091,validation
75120400151,calibration
75120400431,calibration
75120500091,calibration
75120500151,calibration
75120700031,calibration
75120700041,calibration
75120700191,calibration
75120700271,validation
75140100051,validation
75140100071,calibration
75140100141,calibration
75140100171,calibration
75140100364,calibration
75140100441,calibration
75140500021,calibration
75140500081,calibration
75140600031,calibration
75140700081,calibration
75140700091,calibration
75140800061,calibration
75140800094,validation
75140800111,calibration
75140800181,calibration
75140900021,calibration
75140900031,validation
75140900101,calibration
75140900164,calibration
75140900191,calibration
75161000081,calibration
75161000111,validation
75161000171,calibration
75161000221,validation
75161000261,calibration
75163000081,calibration
75165000041,calibration
75165000131,calibration
75165000191,calibration
75165000311,calibration
75165000361,calibration
75165000441,calibration
75165000571,calibration
75165000591,calibration
75165000701,calibration
75167000111,calibration
75168000021,calibration
75169000031,calibration
75181000081,calibration
75181000161,calibration
75181000271,validation
75181000371,calibration
75181000401,calibration
75181000471,validation
75216500221,calibration
75216500241,calibration
75216500261,calibration
75216500334,calibration
75216500371,calibration
75216500401,calibration
75216500461,calibration
75216500481,calibration
75216500511,calibration
75216700021,calibration
75216900051,validation
75216900081,calibration
75216900091,calibration
75216900101,validation
75216900141,validation
75216900181,calibration
75217500051,validation
75217700051,validation
75219100821,calibration
75219100883,calibration
75219100921,calibration
75219100941,calibration
75219100951,validation
75219300011,calibration
75219500011,calibration
75219500021,calibration
75219500041,calibration
75219500051,calibration
75219500061,calibration
75219500091,calibration
75219500101,calibration
75219500151,calibration
75219600011,calibration
75219600031,calibration
75219600061,validation
75219600091,calibration
75219700031,calibration
75219700041,calibration
75219700071,calibration
75219700091,calibration
75219900081,calibration
77210000175,validation
77210000185,calibration
77221100021,calibration
77221300021,calibration
77221700021,calibration
77222200011,calibration
77222200211,calibration
77222300011,calibration
77222300021,calibration
77231000011,calibration
77231000031,calibration
77231000051,calibration
77231000121,validation
77231000134,calibration
77231000214,calibration
77231000244,calibration
77233000274,calibration
77234100031,calibration
77235000131,validation
77239000071,calibration
77250000051,calibration
77260100161,calibration
77260300081,validation
77260300121,calibration
77260500071,calibration
77260500101,calibration
77260600011,calibration
77260600044,calibration
77260600051,calibration
77260600111,calibration
77260600141,calibration
77260700011,calibration
77260700031,calibration
77260900021,calibration
77260900081,validation
77280100081,calibration
77280100131,calibration
77280200011,calibration
77280200051,validation
77280300061,calibration
77280400041,calibration
77280400111,calibration
77280400191,validation
77280400321,calibration
77280400351,calibration
77280500021,calibration
77280500091,calibration
77280500171,validation
77280600011,calibration
77280600031,validation
77280700041,calibration
77280800021,validation
77280800031,calibration
77280900051,calibration
77280900091,calibration
77291000081,calibration
77291000181,calibration
77292000071,calibration
77295000011,validation
77295000121,calibration
77296000051,calibration
77296000121,calibration
77296000161,calibration
77296000181,validation
77296000221,calibration
77296000251,calibration
77296000301,validation
77297000131,calibration
77299000041,calibration
77299000131,calibration
77299000171,calibration
77299000231,validation
77442300081,calibration
77442500021,validation
77442500031,calibration
77444000041,calibration
77445000021,calibration
77446000061,validation
77449100031,calibration
77449100061,calibration
77449300101,calibration
77449500051,validation
77449500211,calibration
77449700061,calibration
77449700121,validation
77460000031,calibration
77460000091,validation
77480100011,calibration
77480200021,calibration
77480300021,calibration
77480300101,validation
77480700011,calibration
77480700091,calibration
77480700111,calibration
77480700171,calibration
78100200061,calibration
78100200231,calibration
78100200301,calibration
78100200321,calibration
78100200341,calibration
78100200371,calibration
78100200401,calibration
78100600071,calibration
78100600181,validation
78100600251,calibration
78210000035,calibration
78210000171,validation
78210000201,validation
78210000304,calibration
78210000351,calibration
78210000401,calibration
78220000021,calibration
78220000081,calibration
78220000131,calibration
78220000201,calibration
78220000211,calibration
78220000261,calibration
78220000301,validation
78220000351,calibration
78220000361,calibration
78220000391,calibration
78220000401,calibration
78220000441,calibration
78220000471,calibration
78220000501,calibration
78220000531,calibration
78220000541,validation
78230000023,validation
78230000351,calibration
78240000011,calibration
78240000124,validation
78250200041,calibration
78261200051,calibration
78261200071,calibration
78261200141,calibration
78261200191,calibration
78261300101,calibration
78261500083,calibration
78261500121,calibration
78261700084,validation
78262000031,calibration
78262000081,calibration
78263000031,calibration
78263000101,calibration
78264000074,calibration
78264000113,calibration
78264000141,calibration
78264000161,calibration
78264000191,validation
78264000251,validation
78264000301,calibration
78265000191,validation
78266100081,calibration
78266100123,calibration
78266100211,calibration
78266300091,calibration
78266300251,validation
78266400021,calibration
78266400071,calibration
78266400181,calibration
78266400201,validation
78266400211,validation
78266400291,calibration
78266400421,calibration
78266500041,validation
78266500111,calibration
78266600011,calibration
78266700021,validation
78266800021,calibration
78266800101,calibration
78266900011,calibration
78266900071,calibration
78267000041,calibration
78268200011,calibration
78268400071,calibration
78268500111,calibration
78268500191,validation
78268500211,calibration
78268500271,calibration
78268700061,calibration
78269500071,validation
78269600011,calibration
78269700011,calibration
78270600021,calibration
78270600051,calibration
78270600061,calibration
78270600131,calibration
78270600221,calibration
78270600471,calibration
78270700031,calibration
78270800051,calibration
78270900011,calibration
78280100061,calibration
78280300071,calibration
78280500021,calibration
78280500081,calibration
78291000071,calibration
78291000231,calibration
78291000261,calibration
78291000301,calibration
78291000341,calibration
78291000431,calibration
78293000031,validation
78296000041,calibration
78297000081,calibration
78297000141,calibration
78299100081,calibration
78299100101,validation
78299100131,calibration
78299500031,validation
78299500061,calibration
78299500121,calibration
78299500291,calibration
78299500393,calibration
78299500461,calibration
78299700011,calibration
78299700071,calibration
78299700131,calibration
78299700171,calibration
78299800011,validation
78299800081,calibration
78299800161,calibration
78299800284,calibration
78299800351,calibration
78299800411,calibration
78299800451,calibration
78299800484,calibration
78299900011,calibration
78299900031,calibration
78299900081,validation
78299900131,calibration
78299900151,calibration
78299900191,calibration
78299900211,calibration
78310200065,validation
78310200105,calibration
78310300031,validation
78310300111,validation
78310300171,calibration
78310600021,calibration
78310600061,validation
78310600084,calibration
78310600111,calibration
78310600161,calibration
78310700151,validation
78310800031,calibration
78310800071,calibration
78310800091,calibration
78310800171,calibration
78310800181,validation
78310800191,calibration
78321000063,calibration
78321000121,validation
78321000211,calibration
78321000353,calibration
78321000401,calibration
78322100041,calibration
78322500031,calibration
78322600031,calibration
78322600061,validation
78322600091,validation
78322600181,calibration
78322700041,calibration
78322800011,validation
78322900101,calibration
78323000051,validation
78323000121,calibration
78324000061,calibration
78324000101,calibration
78324000173,validation
78324000321,calibration
78325000091,calibration
78325000221,calibration
78328300041,calibration
78328400061,calibration
78328400073,calibration
78328500051,calibration
78328700071,validation
78329100021,calibration
78329600041,calibration
78329700021,calibration
78329900221,calibration
78331000051,calibration
78331000111,calibration
78336000041,calibration
78340200031,calibration
78340400021,validation
78340500021,calibration
78340600091,calibration
78340600121,calibration
78340600231,calibration
78340700051,calibration
78360000041,calibration
78380100031,validation
78380200011,validation
78380300161,calibration
78390400085,calibration
78390800035,calibration
81110200041,calibration
81110200231,calibration
81120100061,calibration
81120400591,validation
81130400031,calibration
81130400051,calibration
81130400103,validation
81130600031,calibration
81130800011,calibration
81140400011,calibration
81140700041,calibration
81158000751,calibration
81160600081,calibration
81181900091,calibration
81185000041,calibration
81210300031,calibration
81220100421,validation
81247100021,validation
81250100171,calibration
81260600021,calibration
81260900151,validation
81270400081,calibration
81270500211,calibration
81270600061,calibration
81270700071,calibration
81280100011,validation
81280200011,calibration
81280600221,validation
81280900051,calibration
81292400091,calibration
81292900081,calibration
81293000021,calibration
81294100051,calibration
81294700081,calibration
81294700121,validation
81294800011,calibration
81294800251,calibration
81296000131,calibration
81298200041,calibration
81299000341,validation
81310200051,calibration
81320300021,calibration
81350100361,validation
81380500041,validation
81390200031,calibration
81390400151,validation
81390900161,calibration
82212100091,calibration
82212200011,calibration
82212400161,calibration
82212700031,validation
82212800151,calibration
82213000091,calibration
82214000081,calibration
82216000031,calibration
82218000091,calibration
82219000101,calibration
82219000351,calibration
82221000081,calibration
82234000071,calibration
82236000041,calibration
82237000091,calibration
82239000081,validation
82241000021,calibration
82242400011,calibration
82242700031,validation
82243000101,validation
82244000041,validation
82246600011,calibration
82246600411,calibration
82247200081,calibration
82247500081,calibration
82249200251,calibration
82249500031,calibration
82249900051,calibration
82252000041,calibration
82254100141,calibration
82254500051,calibration
82256000041,calibration
82262400121,validation
82270000261,calibration
82284200071,calibration
82284500143,calibration
82285000041,calibration
82285000201,calibration
82286100021,calibration
82287000301,validation
82289200081,calibration
82289600031,calibration
82289800011,validation
82289900081,calibration
82289900161,calibration
82291000191,calibration
82293300011,calibration
82293900081,calibration
82294100061,calibration
82294200041,calibration
82294600051,calibration
82295000071,calibration
82295000191,calibration
82297100011,calibration
82297200061,validation
82297200091,calibration
82297200171,calibration
82297300011,calibration
82297600021,calibration
82298000091,validation
82298000301,calibration
82299200061,calibration
82299700051,calibration
82304100151,calibration
83120300021,calibration
83130600011,validation
83160000111,calibration
83188000031,calibration
83189000071,calibration
83243000133,calibration
83244100081,calibration
85203100691,calibration
